Nelson,Laird,Bush
Youmans,Wallace,Gimson
Samuels,Hoggarth,Leman
Howard,Paterson,Kelly
Derrick,Ramacey,Johnson
Fleming,Gilbert,Evans
Mason,Milton,Marlow
Erickson,Russel,Kirk
Parson,Ayrton,Elmers
Nyman,Saunder,Macey
Charlson,Aldridge,James
Hodges,Salomon,Adrian
Dunce,Blare,Smith
Becker,Jones,Lawman
Molligan,Bishop,Flannagan
Abramson,Carroll,Donaldson
Barrington,Lewin,Eddington
Oldman,White,Allford
Clifford,Dodson,Vaughan
Chapman,Dickinson,Sherlock
Raleigh,Michaelson,Austin
Attwood,Atcheson,Turner
Osborne,Carey,Barnes
Tracey,Nathan,Wood
Bradberry,Arthurs,Quincy
Ellington,Dean,Kingsman
Babcock,Archibald,Bootman
Faber,WifKinson,Ford
Mercer,Jacobson,Morrison
Neal,Edwards,Hawkins
Gate,Dowman,Reynolds
Calhoun,Fulton,Little
Clapton,Gibbs,Kennedy
Ryder,Owen,Crossman
Chandter,Alsopp,Marshman
Longman,Fisher,Croftoon
Brown,Dutton,Farrell
Gilmore,Birch,Brickman
MacAlister,Miln,Anderson
Andrews,Carrington,Day
Fane,Wesley,Duncan
Sheldon,Nash,Wainwright
Gardner,Bosworth,Cook
Wayne,Farmer,Baldwin
Thorndike,Arnold,Addington
Durham,Mackenzie,Berrington
Chesterton,Francis,Coleman
Mansfield,Jenkin,Porter
Adderiy,Dyson,Oldridge
Davidson,Douglas,Holmes
Brooks,Sykes,Salisburry
Hardman,MacDonald,Gustman
Leapman,Goodman,Daniels
Pass,Carter,Conors
Peacock,Keat,Gilson
Warren,Hamphrey,Miers
Bawerman,Murphy,Taft
Ward,Waller,Adamson
Garrison,Otis,Hancock
Peterson,Kennett,Freeman
Roger,Macduff,MacAdam
Black,Richards,Thomson
Parkinson,Winter,Albertson
Gill,Palmer,Backer
Hailey,Webster,Creighton
Stanley,Audley,Timmons
Philips,Boolman,Campbell
Oakman,Harrison,Larkins
Page,Foster,Roberts
Stephen,Ferguson,Stevenson
Simon,Mathews,Watson
Taylor,Bargeman,Oswald
Fitzgerald,Vance,Pearcy
Gerald,Fraser,Forman
Young,Enderson,Forster
Holiday,Jeff,Donovan
Thornton,Haig,Lamberts
Livingston,Blomfield,Goldman
Shackley,Benson,Bradshaw
Simpson,Finch,Walkman